tabblad,veldnaam,uitleg,short,help-uuid,title-uuid
"Building details","Woning details",,building-detail.title,03c7eef0-919f-464d-bbed-83a8af2f948e,93eba59e-49d7-4de9-885d-5e76c24a8d98
"Building details","Op basis van woningtype en bouwjaar wordt een voorbeeldwoning geselecteerd. De gegevens hiervan zoals geveloppervlakte of isolatiegraad kunt u in het Hoomdossier gebruiken als u het zelf niet weet.",,building-detail.intro,e48b717c-d332-4175-b3d0-12c9f93d6fa0,2614849c-8411-4a30-855b-1f5a49fc00eb
"Building details","Let op: Op basis van woningtype en bouwjaar wordt een voorbeeldwoning geselecteerd. Het veranderen van het woningtype heeft invloed op een aantal gegevens in het Hoomdossier.",,building-detail.warning,c468bbe2-9210-442a-8fad-0d6911bb1ec9,67c0be4e-eed4-4fbe-b842-ce43fc51591c
"Building details","Wat is het woningtype?","Het woningtype wordt gebruikt als basis voor een aantal berekeningen en wordt daarom hier apart gevraagd. ",building-detail.building-type.what-type,a8e60dde-ff51-447e-8b9a-8bda81c3fc2e,fdb1d3e2-9ff1-42be-9c22-0da9f73633cf
"Building details","Wat is het bouwjaar? ","Het bouwjaar wordt automatisch opgezocht in het Kadaster. Als het bouwjaar onjuist wordt weergegeven kunt u deze handmatig aanpassen. ",building-detail.building-type.what-building-year,5d52fb88-b794-4954-9743-885cb546963d,ddf88400-5870-48fd-98f8-2a158481b719
"Algemene gegevens","Kies de best passende voorbeeldwoning","Uw coöperatie heeft misschien al een woning in haar bestand, die lijkt op uw woning. Hier kunt u een passende voorbeeldwoning kiezen.",general-data.building-type.example-building-type,67909be8-ff1e-46b2-a0ba-118d03890c20,f362589f-b17c-4b79-8c08-4978d8166f79
"Algemene gegevens","Algemene gegevens",,general-data.title,86927ac6-6928-44e2-95ec-776d03382eee,299701e0-dbb1-4127-8dc5-f396b0d188a3
"Algemene gegevens","Wat is het woningtype?","Het woningtype wordt gebruikt als basis voor een aantal berekeningen en wordt daarom hier apart gevraagd. ",general-data.building-type.what-type,a8e60dde-ff51-447e-8b9a-8bda81c3fc2e,fdb1d3e2-9ff1-42be-9c22-0da9f73633cf
"Algemene gegevens","Wat is het bouwjaar? ","Het bouwjaar wordt automatisch opgezocht in het Kadaster. Als het bouwjaar onjuist wordt weergegeven kunt u deze handmatig aanpassen. ",general-data.building-type.what-building-year,5d52fb88-b794-4954-9743-885cb546963d,ddf88400-5870-48fd-98f8-2a158481b719
"Algemene gegevens","Wat is de gebruiksoppervlakte van de woning? ","De gebruiksoppervlakte wordt automatisch opgezocht in het Kadaster. Als oppervlakte onjuist wordt weergegeven kunt u deze handmatig aanpassen. ",general-data.building-type.what-user-surface,41829a8c-6d4e-4bad-8841-39b9d2277b02,e687aca3-c617-4f34-8aff-1bb5e8030828
"Algemene gegevens","Hoeveel bouwlagen heeft het huis? ","De begane grond van een woning is de eerste bouwlaag, eerste verdieping is de tweede bouwlaag enz. Meegeteld worden hierbij alleen bewoonde bouwlagen, kelders en onverwarmde zolders horen hier vaak niet bij. Tel bij appartementen en dergelijke alleen de eigen bouwlagen mee. ",general-data.building-type.how-much-building-layers,138f89c5-0d97-4d01-a1f6-e60fae16ae3e,e5fb56ec-94bf-4232-8a43-35655dc42dcc
"Algemene gegevens","Indien mechanisch: wanneer is installatie geplaatst?","Hier kunt u aangeven wanneer de installatie geplaatst is. Als u dat niet weet kunt u het veld leeg laten.",general-data.energy-saving-measures.house-ventilation.if-mechanic,922eaa9c-54ad-425f-9dc3-958424ccfe70,fd06a398-e7fd-4720-8068-9b3c68a882b5
"Algemene gegevens","Indien aanwezig, wanneer geplaatst?","Hier kunt u aangeven in welk jaar de zonnepanelen zijn geplaatst.",general-data.energy-saving-measures.solar-panels.if-yes,dd634609-155b-4cd3-b74e-3c0fb19b0c11,7827550b-7392-4c93-bb97-239140920114
"Algemene gegevens","Gegevens over het gebruik van de woning","geen uitleg",general-data.data-about-usage.title,8eb1cf76-8e90-46bf-a6f3-44d91eaad939,0385a110-376e-421c-b39c-cffbb837fcc0
"Algemene gegevens","Word er op gas gekookt?","U kunt hier aangeven of er op gas word gekookt.",general-data.data-about-usage.cooked-on-gas,e576f393-cce5-4f11-8f42-6a839cc5569b,105f8989-1887-4ada-acec-a03f14d078a2
"Algemene gegevens","Type dak ","Bedoeld is het hoofddak. Het dak van een aanbouw of van een dakkapel telt niet mee. Heeft het hoofdak zowel platte als ook hellende delen dan telt het dak met de grootste oppervlakte. Een appartement op een tussenlaag of een benedenwoning heeft geen dak. ",general-data.building-type.type-roof,bfbc4c78-c3fb-40e2-bc01-5b732b0789c3,2e25a591-0d11-4fee-a124-202965f3fee1
"Algemene gegevens","Wat is het huidige energielabel? ","Op te zoeken via de energielabel database: https://www.zoekuwenergielabel.nl/ Met dit veld wordt niet gerekend, het dient alleen om de huidige status van het energielabel vast te leggen",general-data.building-type.current-energy-label,432a930d-0780-4f3d-b592-e17bdadcc0f3,8cf794c2-ae72-4a1f-bed0-c506c262ce3b
"Algemene gegevens","Is het een monument? ","Op te zoeken via de website van uw gemeente (voor gemeentelijke monumenten) of op https://cultureelerfgoed.nl/monumentenregister (voor rijksmonumenten) Met dit veld wordt niet gerekend, voor uitvoerende partijen is het echter belangrijke informatie, die op deze manier altijd paraat is.",general-data.building-type.is-monument,5df18124-97e1-44b1-ba57-c4af6efa8cab,a34629f0-73f0-4afd-a455-4bb542e8c8e3
"Algemene gegevens","Ramen in de leefruimtes","Als er meerdere soorten glas voorkomen, kies dan hier de soort met de grootste oppervlakte",general-data.element.living-rooms-windows,f8b684e5-f297-435d-9038-ef5b974031e1,4ca8faf8-162d-41e1-ab42-3534c4415954
"Algemene gegevens","Ramen in de slaapruimtes","Als er meerdere soorten glas voorkomen, kies dan hier de soort met de grootste oppervlakte",general-data.element.sleeping-rooms-windows,51337ae4-3fec-4712-9e25-fff05bc919a2,02f507a5-9215-40b1-9e7e-0d9e2504feac
"Algemene gegevens",Gevelisolatie,"Denk aan de volgende isolatiemogelijkheden: Gevelisolatie tijdens de bouw, Spouwmuurisolatie, Isolerende voorzetwanden binnen, Buitengevelisolatie.
 Geen isolatie = gevels met 2 cm isolatie of minder Matige isolatie = gevels met een Rc-waarde van minder dan 2,58 m2K/W
 Goede isolatie = gevels met een Rc-waarde van meer dan 2,58 m2K/W",general-data.element.wall-insulation,3bf8460b-3667-410c-bc98-aa118fa0954c,2c4827f9-e84d-4218-a1ab-8948fd4162f3
"Algemene gegevens",Vloerisolatie,"Denk aan de volgende isolatiemogelijkheden: Tonzonisolatie, isolatie tussen de balken, PUR isolatie, isolatie op de bodem van de kruipruimte.
 Geen isolatie = vloeren met 2 cm isolatie of minder Matige isolatie = vloeren met een Rc-waarde van minder dan 2,44 m2K/W
 Goede isolatie = vloeren met een Rc-waarde van meer dan 2,44 m2K/W",general-data.element.floor-insulation,db525b83-6a42-4cfa-ac2a-e7dde697b31e,914a4907-4cd1-40f8-8e2e-dbe7165a4529
"Algemene gegevens",Dakisolatie,"Denk aan de volgende isolatiemogelijkheden: Isolatie van binnenuit achter gipsplaten, isolatie onder de dakpannen, isolatie onder de dakbedekking.
 Geen isolatie = daken met 2 cm isolatie of minder Matige isolatie = daken met een Rc-waarde van minder dan 2,44 m2K/W
 Goede isolatie = daken met een Rc-waarde van meer dan 2,44 m2K/W",general-data.element.roof-insulation,b0e70345-b3e6-4d2a-be8f-02c10dd588ad,9bda38b6-351b-48eb-8f99-046714de87e5
"Algemene gegevens","Hybride warmtepomp","Hier kunt u aangeven of u in de huidige situatie een hybride warmtepomp met buitenlucht als warmtebron hebt of niet.",general-data.service.hybrid-heat-pump,02924e41-6603-4c5b-9ab1-99f0ea74514b,ae87b82c-3e77-4f93-a1d4-9d99a3566d25
"Algemene gegevens","Volledig warmtepomp","Hier kunt u aangeven of u in de huidige situatie in plaats van een cv-ketel een warmtepomp als enige warmteopwekker in huis hebt. U hebt de keuze uit een warmtepomp met buitenlucht of bodemenergie als warmtebron.",general-data.service.full-heat-pump,d31cce94-468d-4409-b8cc-7d6347c8fc68,7ac2e61d-9c53-4a1e-95c1-df3910e3f39c
"Algemene gegevens",Zonneboiler,"Hier kunt u aangeven of u in de huidige situatie een zonneboiler hebt en waarvoor u de warmte gebruikt.",general-data.service.sun-boiler,6f658d67-0b33-4157-b52e-2993c8f2a323,a02ed0e6-d18e-42c3-8475-20f2396e2ee4
"Algemene gegevens","HR CV ketel","Hier kunt u aangeven of er in de huidige situatie een cv ketel aanwezig is en hoe oud deze ongeveer is.",general-data.service.hr-boiler,222df593-6979-4962-b1da-f1055872563b,c92cb87a-de88-41be-857d-8a54eda7e75b
"Algemene gegevens","Type ketel","Hier kunt u aangeven welk type ketel u heeft. Als u het niet weet kies dan HR107 ketel.",general-data.service.boiler,d057a478-3066-4064-a903-9b13bf86a513,838a6a5f-8cc2-4562-a80b-79871bb036cb
"Algemene gegevens","Hoe wordt het huis geventileerd","Dit veld dient alleen ervoor om de huidige situatie vast te leggen, er wordt niet mee gerekend. Meer informatie over ventilatie en aandachtspunten voor goed ventileren kunt u op de volgende pagina vinden.
 Natuurlijke ventilatie:
 De lucht in de woning wordt zonder behulp van ventilatoren ververst, bijvoorbeeld door ramen open te doen en/of ventilatieroosters. Een badkamer ventilator en de keukenafzuiging hoort daar niet bij. Mechanisch:
 De lucht wordt door een ventilator continu afgezogen, de lucht komt via roosters of open ramen naar binnen. De ventilatiebox zit vaak op zolder.
 Gebalanceerd:
 De lucht wordt mechanisch afgevoerd en mechanisch ingeblazen. Dit systeem is vaak in nieuwbouw woningen aanwezig.
 Decentraal mechanisch:
 De lucht wordt per kamer met een apart apparaat afgezogen en ingeblazen. De ventilatie-unit kan bijvoorbeeld geïntegreerd zijn in een radiator. Vraaggestuurd:
 Bij vraaggestuurde ventilatie gaat het altijd om een mechanisch systeem dat door luchtsensoren in de ruimtes gestuurd wordt. Bijvoorbeeld op basis van co2 of vochtgehalte.",general-data.service.house-ventilation,e4ca36e8-003f-4988-b378-72592ecbd58b,6e17a2bb-925a-462d-a0c3-2d818b9cc40c
"Algemene gegevens","Hoeveel zonnepanelen zijn er aanwezig","Voer hier het aantal zonnepanelen in dat in de huidige situatie geïnstalleerd is. Als u geen panelen hebt vul dan 0 in of laat het veld leeg.",general-data.service.total-sun-panels,eb8629e1-0cd5-48bc-a14a-0bdb74bf7c0d,f98b00d4-467b-45bb-bdb6-4e1fb17e82d3
"Algemene gegevens","Welke energiebesparende maatregelen zijn al genomen in de woning? ","Hier kunt u aangeven in welke energiebesparende maatregelen u interesse heeft en welke er al zijn genomen",general-data.energy-saving-measures.title,e7f8a634-b15f-42dd-b5fc-8f07c0f19d2f,30618e56-d13b-40a6-a9b3-1e952aa239a0
"Algemene gegevens","Interesse in verbetering?","Per maatregel kunt u kiezen uit de volgende mogelijkheden: Ja, op korte termijn – binnen 1 of twee jaren; Meer informatie gewenst – als u onzeker bent; Geen actie – als u geen interesse hebt of wanneer u de maatregel al genomen hebt; Niet mogelijk – als het technisch of administratief niet kan (bijvoorbeeld vanwege een monumentale status). Als u kiest voor de laatste twee opties kunt u de desbetreffende maatregelen overslaan.",general.interested-in-improvement,fbed3612-fd4e-488f-9475-0de6e62b1e7f,0cd20530-be75-4a1b-bb35-c8b6f86e5225
"Algemene gegevens","Gegevens over het gebruik van de woning","In dit gedeelte kunt u gegevens over uw gebruiksgedrag invoeren. Deze gegevens worden gebruikt voor een betere inschatting van de  energiebesparing per maatregel te kunnen geven.",general-data.data-about-usage.title,ea16a1b6-abdf-4ecb-86d0-864c27f7d42d,c3f5b903-4deb-410d-a7cd-5a9e4aaf7f25
"Algemene gegevens","Wat is het aantal bewoners? ","Hoeveel personen wonen er in de woning. Logees die alleen gedurende een aantal weken of maanden in huis wonen tellen niet mee.",general-data.data-about-usage.total-citizens,328c7e2a-ddc9-4718-96c8-b8f11b9c3ff6,b0ba8381-7768-4adb-8b92-b47fc58ca12d
"Algemene gegevens","Op welke temperatuur staat de thermostaat op de hoge stand?","Voer hier de meest gebruikte waarde in. Als u verschillende temperaturen gebruikt kunt u ook een gemiddelde waarde invoeren. Deze informatie is nodig om een betere inschatting over de mogelijke besparing van isolatiemaatregelen te kunnen maken.",general-data.data-about-usage.thermostat-highest,da2d7b2f-a651-4a35-9fac-42c889899032,d3c33f09-5e45-4302-986d-0bc7a37f194a
"Algemene gegevens","Wat is het voor woning","Geen hulptext",general-data.building-type.title,17e6bf04-8fa6-4b59-b7e9-723dea546169,d7995354-1f48-4ff2-9efd-dcea5df748f0
"Algemene gegevens","Er is geen passende voorbeeldwoning","Geen hulptext",general-data.example-building.no-match,8985674f-f00a-4211-8afc-46efc1eb0cce,51943b0f-e41b-4abf-87bb-cb736aad3769
"Algemene gegevens","Op welke temperatuur staat de thermostaat op lage stand?","Voer hier de meest gebruikte waarde in. Als u verschillende temperaturen gebruikt kunt u ook een gemiddelde waarde invoeren. Deze informatie is nodig om een betere inschatting over de mogelijke besparing van isolatiemaatregelen te kunnen maken.",general-data.data-about-usage.thermostat-lowest,60147b71-5189-410e-a9d0-e1c01a37481e,0e347456-554e-4e3a-a17a-26468a126432
"Algemene gegevens","Hoe veel uren per dag staat de thermostaat op hoge stand?","Voer hier de meest gebruikte waarde in. Als u verschillende temperaturen gebruikt kunt u ook een gemiddelde waarde invoeren. Deze informatie is nodig om een betere inschatting over de mogelijke besparing van isolatiemaatregelen te kunnen maken.",general-data.data-about-usage.max-hours-thermostat-highest,ffab885a-6e65-4269-a1a0-dc4dc5f0311b,5f669efc-7b48-4181-9814-225651755cb3
"Algemene gegevens","Welke situatie is van toepassing op de eerste verdieping? ","Hier kunt u aangeven of de ruimtes op de eerste verdieping wel of niet verwarmd zijn. Als u maar één  bouwlaag heeft  geef dan hier de situatie voor die bouwlaag op.",general-data.data-about-usage.situation-first-floor,48349c5d-c4e2-495c-a6f6-e7529368dc92,bb5d3930-977b-4454-b223-3d13b69b260a
"Algemene gegevens","Welke situatie is van toepassing op de tweede verdieping?","Hier kunt u aangeven of de ruimtes op de tweede verdieping wel of niet verwarmd zijn. Als u geen tweede verdieping heeft kies dan “Niet van toepassing”.",general-data.data-about-usage.situation-second-floor,1c61f89b-0cdb-40c3-b826-5e8a5bce82cb,84fc60ef-17e8-4d36-a9dc-3f938b71fde9
"Algemene gegevens","Wat is het comfortniveau voor het gebruik van warm tapwater?","Het gaat om het gebruik van warm water voor keuken, douche en bad. Standaard = kort douchen met waterbesparende douchekop; Comfort = 5 - 10 minuten douchen en/of geen waterbesparende douchekop; af en toe badgebruik; Comfort plus = meer dan 10 minuten douchen en of regendouche / speciale luxe douche; Regelmatig badgebruik is altijd categorie comfort plus",general-data.data-about-usage.comfortniveau-warm-tapwater,283fe581-a128-4a93-91e8-8a90f5c1d2a2,e6074cc0-d5dd-4d19-9782-2894f80685f0
"Algemene gegevens","Wat is het elektragebruik van het afgelopen jaar?"," U kunt dit vinden in de jaarafrekening van uw energieleverancier, opgave over een heel jaar. ",general-data.data-about-usage.electricity-consumption-past-year,25382922-684b-44c1-8b2e-bc9d3bffcad7,76f096c4-809f-43f1-a308-c889e562c93a
"Algemene gegevens","Wat is het gasgebruik van afgelopen jaar? (in m3 gas per jaar)"," U kunt dit vinden in de jaarafrekening van uw energieleverancier, opgave over een heel jaar. ",general-data.data-about-usage.gas-usage-past-year,661b3e76-e234-473c-90bf-c98a6be74db3,22b6efd5-054b-4e46-9f90-f4b63dbd3789
"Algemene gegevens","Toelichting op de woonsituatie","U kunt dit veld gebruiken om informatie te verzamelen voor gesprekken met energiecoaches of uitvoerende bedrijven.",general-data.data-about-usage.additional-info,0ceb24ee-d6ea-4192-9e4c-064c60169c96,b297bdc6-f9ec-4920-9621-9d09448a0f93
"Algemene gegevens","Wat is de motivatie om aan de slag te gaan","U kunt deze velden gebruiken om uw motivatie voor het verduurzamen van uw woning vast te leggen. Dat kan helpen bij een gesprek met een energiecoach van uw coöperatie of met uitvoerende bedrijven.",general-data.motivation.title,4a452e75-e9a6-4e6b-b7be-6a28c8dcab60,1decf5aa-bfc8-4392-8c16-1243f39c865e
"Algemene gegevens","Priotiteit :prio","U kunt deze velden gebruiken om uw motivatie voor het verduurzamen van uw woning vast te leggen. Dat kan helpen bij een gesprek met een energiecoach van uw coöperatie of met uitvoerende bedrijven.",general-data.motivation.priority,68508ac3-f9a3-4cb1-b2e4-8616394719ec,cd90a8a8-4586-4831-85b7-f1e3df17b2e4
"Algemene gegevens","Toelichting op de motivatie","Hier kunt u de hierboven gemaakte keuze nader toelichten.",general-data.motivation-extra,13a11064-678c-4479-bf28-9dcc53ea0c5b,b5281893-290b-452b-887f-a4417852f5f3
"Algemene gegevens",Gasbesparing,"De besparing wordt berekend op basis van de door u ingevoerde woningkenmerken (hoeveelheden, isolatiewaarde, gebruikersgedrag). ",general-data.costs.gas,25f04c59-6e25-40b4-b7fb-9a85e68b2ea5,d588f836-680f-4470-8272-12675a996ef2
"Algemene gegevens","CO2 Besparing","Gerekend wordt met 1,88 kg/m3 gas (bron: Milieucentraal)",general-data.costs.co2,ba53680e-0325-4672-881a-67ea171d4d9c,d50ef920-5823-47f1-ae2a-499a99a09436
Gevelisolatie,Gevelisolatie,,wall-insulation.title,131649e7-8353-4b08-b17e-f20591bdf71e,4e8001a7-b4e4-4400-97d8-f244ebb4b190
Gevelisolatie,"U heeft in de eerste stap uw interesse over :item aangegeven, u kunt deze hier veranderen of zo laten.","Hier ziet u wat u bij “Algemene gegevens” over uw interesse voor :item hebt aangegeven. Mocht u dit willen veranderen, dan kunt u dat in dit veld doen. Let wel: Aanpassingen die u hier doet zullen ook op de pagina “Algemene gegevens” mee veranderen.",general.change-interested,62246668-0d97-494f-97cc-109623b784f3,6394d53a-4a5b-4b1c-a167-785a19e8c7c6
Gevelisolatie,"Bij woningen met dit bouwjaar is de gevel vaak al tijdens de bouw geïsoleerd","Nog niks beschikbaar",wall-insulation.intro.build-year-post-1985,1914bcd0-dd33-4d84-a913-20a51ed98d8a,e048a107-4337-4cd7-89f3-c9cc8b1cd753
Gevelisolatie,"Het huis is gebouwd in :year.","geen hulptext",wall-insulation.intro.build-year,b840932c-61ee-49d9-83d7-649980916349,4e1b3959-b9da-4a83-935d-b8b87540c6ef
Gevelisolatie,"Woningen met dit bouwjaar hebben vaak wel spouwmuur","Nog niks beschikbaar",wall-insulation.intro.build-year-post-1930,2727879c-e151-4eed-a163-691cfd0af741,b7aedf3a-676a-4b2e-ad65-0a434130e29e
Gevelisolatie,"Woningen met dit bouwjaar hebben vaak geen spouwmuur","Nog niks beschikbaar",wall-insulation.intro.build-year-pre-1930,1b1508bf-4a7e-4ac1-9cb4-983d181f7581,61fe094d-2bf0-4e0f-b31e-985a0adfbdc6
Gevelisolatie,"U hebt de volgende isolatie ingevuld voor de gevel, weet u nu meer? Pas de waarde dan hier aan.","Hier ziet u wat u bij “Algemene gegevens” over de aanwezigheid van gevelisolatie hebt aangegeven. Mocht u dit willen veranderen, dan kunt u dat in dit veld doen. Let wel: Aanpassingen die u hier doet zullen ook op de pagina “Algemene gegevens” mee veranderen. Als u aangeeft dat er wel gevelisolatie aanwezig is wordt er geen besparing uitgerekend! Wel wordt aangegeven wat de indicatieve kosten zijn voor het uitvoeren van deze maatregel. Hoe veel u kunt besparen hangt namelijk heel erg af van hoe dik de isolatielaag is en van welke kwaliteit deze is. Voor het uitrekenen van de daadwerkelijke besparing bij het na- isoleren van een reeds geïsoleerde gevel is aanvullend en gespecialiseerd advies nodig. Neem hiervoor contact op met uw energiecoöperatie.",wall-insulation.intro.filled-insulation,a8314dd5-b338-441f-8efe-6536f2489399,473f06c3-5528-4082-9749-d1beb26bdc9a
Gevelisolatie,"Heeft deze woning een spouwmuur? ","Deze vraag wordt op basis van het bouwjaar van uw woning automatisch ingevuld. Als niet te achterhalen is of het huis een spouwmuur heeft, kan een bedrijf of een adviseur nader onderzoek doen. Vul in dat geval hier ""onbekend"" in. Er wordt dan gerekend alsof er een spouwmuur aanwezig is.",wall-insulation.intro.has-cavity-wall,53956ba1-67c5-467d-8b89-f0e4f95e9a8a,c92e81ac-98d3-4b45-8223-2e4ebd8c95ad
Gevelisolatie,"Is de gevel gestuct of geverfd ?","Bij gestuukte of geverfde spouwmuren heeft na- isolatie een hoger risico op vorstschade en vochtproblemen.",wall-insulation.intro.is-facade-plastered-painted,241fa9e6-ffe6-406c-b7f7-eee0c85a04c7,690e58ca-7f18-4774-bd65-1c3202e8113e
Gevelisolatie,"Wat is de oppervlakte van de geschilderde gevel? ","Als de gevel gestuukt of geschilderd is kunt u hier aangeven om hoeveel m2 het gaat. Er wordt dan een kostenindicatie berekend voor het reguliere onderhoud bij deze geveloppervlaktes.",wall-insulation.intro.surface-paintwork,82de896d-962d-48d0-b051-888d93231519,7f6a6cf5-acc6-4a42-9a43-d2b3ea6c999f
Gevelisolatie,"Is er schade aan het gevelschilderwerk?","Als de gevel gestuukt of geschilderd is kunt u hier aangeven in welke staat het stuukwerk / schilderwerk is. Deze informatie wordt gebruikt om u een indicatie over het tijdstip te geven wanneer onderhoud nodig zou kunnen zijn.",wall-insulation.intro.damage-paintwork,118ed5f0-df38-49e1-90d3-3bdc33c7c806,fd14ed5a-c742-4362-bdbe-c4e93bb75121
Gevelisolatie,"Zijn er voegen die loslaten of uitgebroken zijn? ","Dit veld is optioneel, u kunt hier een prijsindicatie voor het herstellen van uw gevelvoegwerk uit laten rekenen. Als het niet van toepassing is of u dit niet wilt laten berekenen laat de keuzelijst op “Nee” staan. U kunt aangeven of er slecht voegwerk aanwezig is en om hoeveel oppervlakte het gaat. Het gaat hierbij alleen om de m2 die gerepareerd moeten worden.",wall-insulation.optional.flushing,b08b0c30-bb10-4bd5-9743-afccce68f8d2,43b80f78-85e5-470e-9c1c-408b9a6af57a
Gevelisolatie,"Optioneel: Vragen over de staat van onderhoud van de gevel","Geen helptext",wall-insulation.optional.title,4456e19f-c9f5-4efe-8cc5-2cda28f975b2,cbe66665-d11e-4fbd-9e84-0c512a23693d
Gevelisolatie,"Is de gevel vervuild (aanslag op de stenen)? ","Dit veld is optioneel, u kunt hier een prijsindicatie voor het reinigen en impregneren van uw gevels laten uitrekenen. U kunt aangeven of er vervuilde gevels aanwezig zijn en om hoeveel oppervlakte het gaat. Het gaat hierbij alleen om de m2 die gereinigd moeten worden.",wall-insulation.optional.is-facade-dirty,0c0dddfc-de90-41d5-a8df-3c7f20a13e80,ac852506-b090-4907-a872-1b4f58ebdab7
Gevelisolatie,"Geveloppervlakte van de woning","Deze waarde wordt automatisch ingevuld vanuit het Kadaster. Het gaat hierbij om het netto oppervlakte van de gesloten gevel, alle openingen of andere gevelelementen worden niet meegeteld. U kunt deze waarde aanpassen.",wall-insulation.optional.facade-surface,de3d1061-11f8-406f-a609-7fe88423ebe4,c66aac8b-bb6f-411d-b343-c6594a5a167b
Gevelisolatie,"Te isoleren oppervlakte","Indieen niet de hele gevel geïsoleerd moet worden (bijvoorbeeld bij binnengevelisolatie) kunt u hier de te isoleren geveloppervlakte invullen.",wall-insulation.optional.insulated-surface,e4d48a72-de08-4474-9a4f-32d89bc9c0dd,07236dd2-b985-44b7-b35c-9577d5ddffec
Gevelisolatie,"De gevel kan het beste op de volgende manier geïsoleerd worden","In dit veld wordt advies gegeven hoe de gevel geïsoleerd zou kunnen worden. Hierbij zijn er voorlopig nog maar twee opties: Spouwmuurisolatie en Binnengevelisolatie. Binnenkort wordt hier nog Buitengevelisolatie aan toe gevoegd.",wall-insulation.insulation-advice.text,181722a5-3473-4138-879e-cfeb07a851ba,ca4179f5-0f79-49b9-afd8-fe3ef4e16715
Gevelisolatie,"Het is aan te raden om stukken gevel die nu al heel slecht zijn meteen aan te pakken.","Geen helptext",wall-insulation.taking-into-account.sub-title,fca5c29a-7774-41a0-9cd6-727a2adf32de,85d9d37b-a796-4878-adb9-f243ae275427
Gevelisolatie,"Indicatie voor kosten en baten voor deze maatregel ","Hier kunt u zien wat de indicatieve kosten en baten voor deze maatregel zijn. - Als er bij “Gevelisolatie aanwezig” iets anders dan “Onbekend” of “Geen isolatie” is ingevuld wordt geen besparing berekend.",wall-insulation.indication-for-costs.title,d3786e2d-af92-4f9c-baed-d6e63d21503b,1d72b8d6-1271-44ee-b71c-4ba9abc85abf
Gevelisolatie,"U kunt de komende jaren met de volgende onderhoudsmaatregelen rekening houden: ","Als u hierboven iets bij de onderhoudsmaatregelen hebt ingevuld kunt u hier de indicatieven kosten voor de onderhoudsmaatregelen zien.",wall-insulation.taking-into-account.title,fec08aca-3076-45c2-956e-329775c75383,7a3cc864-9bd2-43e6-8d03-d11c20cfa224
Gevelisolatie,"Reparatie voegwerk","Als u hierboven de vragen over reparatie voegwerk hebt ingevuld wordt hier een indicatie over de te verwachten reparatiekosten gegeven.",wall-insulation.taking-into-account.repair-joint,ce4ac5f3-4290-4cd7-abef-6ecd69bcad50,0660500d-0334-4cb0-b98c-3452a26f5f7e
Gevelisolatie,"Reinigen metselwerk","Als u hierboven de vragen over gevelreiniging hebt ingevuld wordt hier een indicatie over de te verwachten reinigingskosten gegeven.",wall-insulation.taking-into-account.clean-brickwork,be236c27-7c63-45eb-b87a-0e026b80d08f,2b62adb7-3cc4-4323-95ff-e368578def29
Gevelisolatie,"Impregneren gevel","Als u hierboven de vragen over gevelreiniging hebt ingevuld wordt hier een indicatie over de te verwachten kosten gegeven. Ervan uitgaande dat een gevel die net gereinigd is ook geïmpregneerd moet worden.",wall-insulation.taking-into-account.impregnate-wall,fa097cde-1530-4748-a40b-00355c80d3dc,423423ca-22f2-4094-9d4d-8bab4f66946d
Gevelisolatie,"Gevelschilderwerk op stuk of metselwerk","Als u hierboven de vragen over gevelschilderwerk en stukwerk hebt ingevuld wordt hier een indicatie over de te verwachten reparatiekosten gegeven.",wall-insulation.taking-into-account.wall-painting,1b7395da-2e9a-47e1-9283-67018db3f83b,90a11f37-b7ff-4b3d-af2f-894670354f72
Gevelisolatie,"Toelichting op de specifieke situatie ","Hier kunt u opmerkingen over uw specifieke situatie vastleggen, bijvoorbeeld voor een gesprek met een energiecoach of een uitvoerend bedrijf.",wall-insulation.taking-into-account.additional-info,bef3c50f-0248-4542-9e9a-c585de49e8d2,db2bb629-4bf6-4357-9439-467b12b8ea22
Gevelisolatie,Gasbesparing,"De besparing wordt berekend op basis van de door u ingevoerde woningkenmerken (hoeveelheden, isolatiewaarde, gebruikersgedrag). ",wall-insulation.costs.gas,a9e68370-50ae-4e02-a959-72e7e8cdd547,8ecb6ba7-306a-46ca-bc08-760e59a03860
Gevelisolatie,"CO2 Besparing","Gerekend wordt met 1,88 kg/m3 gas (bron: Milieucentraal)",wall-insulation.costs.co2,7bbbbbe3-f965-4164-b493-01263262324f,df88f5ff-bde3-47f0-ae6c-0201d32f7e01
"Isolerende beglazing","Bent u geïnteresseerd in glas in lood vervangen?","Hier kunt u aangeven of u glas in lood ramen wilt vervangen. Als u geen interesse hebt of geen glas in lood heeft, hoeft u de volgende vragen niet te beantworden en worden deze onzichtbaar.",insulated-glazing.glass-in-lead.title,ee55d60b-4ff3-4eb9-b1d7-946757f6fdd2,95e003a9-6925-4bbb-a213-a6a3acc83ea9
"Isolerende beglazing","Isolerende beglazing",,insulated-glazing.title,724b50b5-fc9a-48be-bc8d-8fc54759c587,5956c73b-987f-4d40-9098-20ef2c44b70d
"Isolerende beglazing","Wat voor glas is er nu? ","Geef hier aan welke soort glas er in de ramen zit, die vervangen moeten worden. Bij glas in lood ramen is dat meestal enkelglas, maar er kan ook een voorzetraam zijn geplaatst. ",insulated-glazing.glass-in-lead.current-glass,24f9a997-d149-430f-b524-a3894eba0a81,dfb597eb-5306-4e42-8202-8d22c7e8f03a
"Isolerende beglazing","Zijn de kamers verwarmd? ","Geef hier aan of de kamers waar het glas vervangen moet worden wel of niet verwarmd zijn. Als er sommige ruimtes wel verwarmd zijn en sommige niet kies dan voor matig verwarmd.",insulated-glazing.glass-in-lead.rooms-heated,21975324-193c-46bb-a372-213f9ee7bec4,465c0bf1-7aaf-48aa-aedd-a489e0451cc0
"Isolerende beglazing","Hoe veel m2 glas wilt u vervangen?","Geef hier het totale oppervlakte van de te vervangen ramen op. Meet hierbij hoogte x breedte in meters van het hele raam incl. kozijn. Tel de oppervlaktes van alle glas in lood ramen die u wilt vervangen bij elkaar op. ",insulated-glazing.glass-in-lead.m2,2f5b2944-164a-49b7-a8b9-5ec4dbf5da1e,548a9310-16fd-4d7d-b54e-8288d5942f97
"Isolerende beglazing","Wat is het aantal ruiten dat u wilt vervangen?","Geef hier aan hoeveel glas in lood ramen vervangen moeten worden. Een draaiend raam met twee vleugels telt voor twee ramen.",insulated-glazing.glass-in-lead.window-replace,84460bc9-6e5b-4853-8f5a-8ad79d4938b8,38cab637-34cd-431d-afc9-72b2fe262e10
"Isolerende beglazing","Bent u geïnteresseerd in plaatsen van HR++ glas (alleen het glas)?","Hier kunt u aangeven of u bij en of meerdere ramen alleen het glas wilt vervangen. Dat betekend dat het kozijn en het raamhout blijft zitten. Er G69éwordt dan meestal gewerkt met opdek glaslatten. Als u geen interesse hebt hoeft u de volgende vragen niet te beantwoorden en worden deze onzichtbaar.",insulated-glazing.hrpp-glass-only.title,9153d777-c442-4310-a67a-06ab74b82d09,f726f1bb-60a0-4cb7-8420-257280a4ac55
"Isolerende beglazing","Wat voor glas is er nu? ","Geef hier aan welke soort glas er nu in de ramen zit die vervangen moeten worden. Dat kan enkelglas zijn maar ook dubbelglas of voorzetramen.  ",insulated-glazing.hrpp-glass-only.current-glass,af337c6a-7e93-416a-8bc9-21af07e25d9a,215696f2-4121-4043-b5c5-6cf0679f7860
"Isolerende beglazing","Zijn de kamers verwarmd? ","Geef hier aan of de kamers waar het glas vervangen moet worden wel of niet verwarmd zijn. Als er sommige ruimtes wel verwarmd zijn en sommige niet kies dan voor matig verwarmd.",insulated-glazing.hrpp-glass-only.rooms-heated,7b28729e-6917-4061-98d4-93851cc25dff,aca71b99-351b-4759-b319-c3e6ac03e33a
"Isolerende beglazing","Hoe veel m2 glas wilt u vervangen?","Geef hier het totale oppervlakte van de te vervangen ramen op. Meet hierbij hoogte en breedte in meters van het hele raam incl. kozijn. ",insulated-glazing.hrpp-glass-only.m2,60f3813f-d451-4fd6-aaf4-77ccaa94623d,afaacafc-a2a2-4d44-a479-ff55cb800b71
"Isolerende beglazing","Wat is het aantal ruiten dat u wilt vervangen?","Geef hier aan hoeveel ramen vervangen moeten worden. Een draaiend raam met twee vleugels telt  voor twee ramen.",insulated-glazing.hrpp-glass-only.window-replace,ca6d1446-f5a2-4ac6-b81e-32f39ac53dd7,57d9eb8b-9300-447c-9bfd-2e0cfdba9114
"Isolerende beglazing","Bent u geïnteresseerd in plaatsen van HR++ glas (inclusief kozijn)?","Hier kunt u aangeven of u een of meerdere ramen incl. kozijn wilt vervangen door kozijnen met HR++ glas. Dat betekent dat glas en kozijn volledig vervangen worden. Als u geen interesse hebt hoeft u de volgende vragen niet te beantwoorden en worden deze onzichtbaar.",insulated-glazing.hrpp-glass-frames.title,14ff41ab-c456-452b-9fb6-75ca35437f61,9b4ca835-0f86-4080-900e-18db2cb3d4f7
"Isolerende beglazing","Wat voor glas is er nu? ","Geef hier aan welke soort glas er nu in de ramen zit die vervangen moeten worden. Dat kan enkelglas zijn maar ook dubbelglas of voorzetramen.  ",insulated-glazing.hrpp-glass-frames.current-glass,a81fcb5c-811f-4f92-82cf-904e4dc97d0a,5431341c-d2c8-40b0-a5a7-0f642d08540c
"Isolerende beglazing","Zijn de kamers verwarmd? ","Geef hier aan of de kamers waar de kozijnen vervangen moeten worden wel of niet verwarmd zijn. Als er sommige ruimtes wel verwarmd zijn en sommige niet kies dan voor matig verwarmd.",insulated-glazing.hrpp-glass-frames.rooms-heated,db24295c-4235-4242-bbad-5c128fa4a3e8,48ba3375-a0bc-4eea-a4cc-e757b407f2a3
"Isolerende beglazing","Hoe veel m2 glas wilt u vervangen?","Geef hier de totale oppervlakte van de te vervangen ramen op. Meet hierbij hoogte en breedte in meters van het hele raam incl. kozijn. ",insulated-glazing.hrpp-glass-frames.m2,aaa7abab-4002-4e03-939b-6a06ea49ade3,bfc70f69-d90d-44ef-96f1-e0f73e2f5063
"Isolerende beglazing","Wat is het aantal ruiten dat u wilt vervangen?","Geef hier aan hoeveel ramen vervangen moeten worden. Een draaiend raam met twee vleugels telt voor twee ramen.",insulated-glazing.hrpp-glass-frames.window-replace,564e305c-d86a-4016-a1b6-d6d234da22ce,6f66636e-a729-44fe-9783-ae511ec159cb
"Isolerende beglazing","Bent u geïnteresseerd in plaatsen van drievoudige HR beglazing (inclusief kozijn)?","Hier kunt u aangeven of u een of meerdere ramen incl. kozijn wilt vervangen door kozijnen met drievoudige beglazing. Dat betekend dat glas en kozijn volledig vervangen wordt. Als u geen interesse hebt hoeft u de volgende vragen niet te beantworden en worden deze onzichtbaar.",insulated-glazing.hr3p-frames.title,1b121bdc-f460-4c77-9f9f-b81d21aff4c8,f315e470-7dc8-4712-a61d-20ce446c0595
"Isolerende beglazing","Wat voor glas is er nu? ","Geef hier aan welke soort glas er nu in de ramen zit die vervangen moeten worden. Dat kan enkelglas zijn maar ook dubbelglas of voorzetramen.  ",insulated-glazing.hr3p-frames.current-glass,fedf0acf-a1bb-4741-a907-4a91e12be7d3,dd90a468-7287-4455-86f7-c9e072861fae
"Isolerende beglazing","Zijn de kamers verwarmd? ","Geef hier aan of de kamers waar de raamkozijnen vervangen moeten worden wel of niet verwarmd zijn. Als er sommige ruimtes wel verwarmd zijn en sommige niet kies dan voor matig verwarmd.",insulated-glazing.hr3p-frames.rooms-heated,6cc7dbe7-fd63-46b7-939f-5e638cc55e88,57d55bbf-c758-4116-81d6-3527212129b3
"Isolerende beglazing","Hoe veel m2 glas wilt u vervangen?","Geef hier de totale oppervlakte van de te vervangen ramen op. Meet hierbij hoogte en breedte in meters van het hele raam incl. kozijn. ",insulated-glazing.hr3p-frames.m2,dd6ba6ef-fd3a-456b-9dc8-2d67c6030136,030b8ca9-0c91-4ff2-9595-a58c5044e15b
"Isolerende beglazing","Wat is het aantal ruiten dat u wilt vervangen?","Geef hier aan hoe veel ramen vervangen moeten worden. Een draaiend raam met twee vleugels telt bijvoorbeeld voor twee ramen.",insulated-glazing.hr3p-frames.window-replace,3ff2c632-87ac-48bb-a4e9-e4a96cda6a4b,5ec1d673-fcff-4d37-ba9a-18a8f1a4fda5
"Isolerende beglazing","Welke andere houten bouwdelen zijn aanwezig in uw huis? ","Geef hier aan of er nog andere houten gevelelementen aanwezig zijn in uw woning. Deze gegevens worden gebruikt om de indicatieve kosten voor schilderwerk uit te rekenen.",insulated-glazing.paint-work.other-wood-elements,cf4b48d9-687e-47e2-8335-e9574d046ce8,a3908181-edb2-4378-a421-0993da5d4e07
"Isolerende beglazing","Welke andere houten bouwdelen zijn aanwezig in uw huis? ","Geef hier aan of er nog andere houten gevelelementen aanwezig zijn in uw woning. Deze gegevens worden gebruikt om de indicatieve kosten voor schilderwerk uit te rekenen.",insulated-glazing.paint-work.other-wood-elements,cbb283d7-1bd2-4031-9b8c-c77567c62f67,2db3015b-14aa-405b-94cd-322e54a37d56
"Isolerende beglazing","Wanneer is het schilderwerk voor het laatst gedaan? (jaargetal) ","Geef hier aan wanneer de houten geveldelen voor het laatst geschilderd zijn. Als u dit niet weet kunt u het actuele jaar invullen en de twee volgende vragen beantwoorden. Deze informatie wordt gebruikt om u een indicatie over het tijdstip te geven wanneer onderhoud nodig zou kunnen zijn.",insulated-glazing.paint-work.last-paintjob,e1ea1289-b596-4a49-94eb-4cbae44d5241,ec657c08-6ebe-40fe-b63e-1987478d964c
"Isolerende beglazing","Is verfschade waarneembaar? (barsten / afbladderen / blazen)","Als u niet weet wanneer het schilderwerk voor het laatst gedaan is kunt u via deze vraag een inschatting geven over de staat van onderhoud. Deze informatie wordt gebruikt om u een indicatie over het tijdstip te geven wanneer onderhoud nodig zoud kunnen zijn.",insulated-glazing.paintwork.paint-damage-visible,58088538-bf3d-44f5-a0a6-4650d7bd299c,884b96a5-6840-4ce2-a53d-b8a49a8ab6d5
"Isolerende beglazing","Is houtrot waarneembaar? ","Als u niet weet wanneer het schilderwerk voor het laatst gedaan is kunt u via deze vraag een inschatting geven over de staat van onderhoud. Deze informatie wordt gebruikt om u een indicatie over het tijdstip te geven wanneer onderhoud nodig zoud kunnen zijn.",insulated-glazing.paintwork.wood-rot-visible,e2c66fd3-56a2-4812-922f-926f3ffcddd6,9ee58f7f-8038-4da1-abec-0877b2db625f
"Isolerende beglazing",Gasbesparing,"De besparing wordt berekend op basis van de door u ingevoerde woningkenmerken (hoeveelheden, isolatiewaarde, gebruikersgedrag). Hier worden alle besparingen van boven genoemde maatregelen bij elkaar opgeteld.",insulated-glazing.indication-for-costs.gas-savings,8d2915c7-b578-4abf-a01e-0e46658b9ca4,8754ab05-d67c-4be2-ac07-97a5b531021f
"Isolerende beglazing","CO2 Besparing","Gerekend wordt met 1,88 kg/m3 gas (bron: Milieucentraal). Hier worden alle besparingen van boven genoemde maatregelen bij elkaar opgeteld.",insulated-glazing.indication-for-costs.co2-savings,dce4f51b-b81c-4aeb-bd18-6dd324e070a7,ef4a90f2-f7e4-4414-9dac-5feb2bd2ebb9
"Isolerende beglazing","Besparing in €","Indicatieve besparing in € per jaar. De gebruikte tarieven voor gas en elektra worden jaarlijks aan de marktomstandigheden aangepast. Hier worden alle besparingen van boven genoemde maatregelen bij elkaar opgeteld.",insulated-glazing.indication-for-costs.savings-in-euro,80b7e950-f9ef-4ab5-800f-aaf0d5b344ca,b9e5cfa7-aa8a-452e-9edd-98662bbf0393
"Isolerende beglazing","Indicatieve kosten","Hier kunt u zien wat de indicatieve kosten voor deze maatregel zijn. Hier worden alle kosten van boven genoemde maatregelen bij elkaar opgeteld.",insulated-glazing.indication-for-costs.indicative-costs,9365972b-2077-449f-a918-c27f28202e50,97fbc89d-e9d1-41fa-9ab5-30b358aba529
"Isolerende beglazing","Vergelijkbare rente","Meer informatie over de vergelijkbare rente kunt u vinden bij Milieucentraal: https://www.milieucentraal.nl/energie-besparen/energiezuinig-huis/financiering-energie-besparen/rendement-energiebesparing/",insulated-glazing.indication-for-costs.comparable-rate,0a870d39-f75a-464e-991e-ade4f4429cb3,9505f452-28ea-496f-9289-4da45e5797ef
"Isolerende beglazing","Indicatieve kosten schilderwerk","Als u hierboven de vragen over schilderwerk heeft ingevuld wordt hier een indicatie over de te verwachten schilderkosten gegeven.",insulated-glazing.taking-into-account.paintwork,521d09dd-b854-4bf9-87db-02c2172e8143,dab95564-c9f1-45e9-9506-63a2ad7ca6bb
"Isolerende beglazing","Volgende schilderbeurt aanbevolen ","Op basis van uw antwoorden word uitgerekend wanneer de volgende schilderbeurt aan te bevelen is. Op de pagina “Actieplan” kunt u dit getal zelf aanpassen. ",insulated-glazing.taking-into-account.paintwork_year,6614f642-7b93-4c7a-9618-9434a3741fb0,e02e746f-62ba-48ad-ae53-82ab62344415
"Isolerende beglazing","Zijn de draaiende delen van ramen en deuren voorzien van kierdichting","Hier kunt u aangeven of er kierdichting bij de ramen en deuren aanwezig is en in welke staat deze is. ",insulated-glazing.moving-parts-quality,84635e4e-3f3a-436a-88d9-54779c9edaf7,2d969e89-9007-4aa8-af47-dd124ed6f204
"Isolerende beglazing",Kierdichting,"geen helptext",insulated-glazing.cracking-seal,fb3788f6-1e21-4985-8f8a-8878b3abfdf5,44bcc483-886d-4d5a-806d-0aad7d65fa0c
"Isolerende beglazing","Vragen over het schilderwerk","geen helptext",insulated-glazing.paint-work,9c8d18ef-9954-4940-bd54-18025590a333,fdf09c78-dc77-4cb2-9897-b6133da7580f
"Isolerende beglazing","Totale raamoppervlakte van de woning","Hier wordt de oppervlakte van alle openingen bij elkaar opgeteld. Deze waarde wordt automatisch ingevuld op basis van de gekozen voorbeeldwoning. Deze waarde wordt gebruikt om de indicatieve kosten voor schilderwerk uit te rekenen.",insulated-glazing.windows-surface,663f5b45-ebdf-4a37-bc9a-a898ddbd3ec9,b8f51e5b-4213-4cc1-972b-890d18583cfc
"Isolerende beglazing","Vragen over glas in lood","geen helptext",insulated-glazing.subtitles.glass-in-lead,6e76ee8e-5796-4568-ba33-79014e7fad92,d34ab77f-aef0-47fd-b3d5-2b01dad34cef
"Isolerende beglazing","U kunt de komende jaren met de volgende onderhoudsmaatregelen rekening houden:","geen helptext",insulated-glazing.taking-into-account.title,f3b0edbe-4c83-44e4-b458-b6a92046b5f3,44cafb4d-ba3b-4bde-8b05-66bc03fec6c8
"Isolerende beglazing","Vragen over vervangen glas""","geen helptext",insulated-glazing.subtitles.hrpp-glass-only,3b9db85d-c2e6-400f-816f-45bc1a84aa6d,75dba351-ed00-4e60-94a7-6bcf3eeb5207
"Isolerende beglazing",Kierdichting,"geen helptext",insulated-glazing.subtitles.crack-sealing,9d5a528c-eb0b-468e-81ea-43c3a1513136,dfa8904f-1466-4329-9dcd-b574309da069
"Isolerende beglazing","Vragen over vervangen kozijn""","geen helptext",insulated-glazing.subtitles.hrpp-glass-frames,9b18e5d5-5740-4902-a42d-6a4058a0b6d7,007236c8-5c7c-4c5b-a1a9-9bc11fdb62f1
"Isolerende beglazing","Is houtrot waarneembaar?""","Als u niet weet wanner het schilderwerk voor het laatst gedaan is kunt u via deze vraag een inschatting geven over de staat van onderhoud.
Deze informatie wordt gebruikt om u een indicatie over het tijdstip te geven wanneer de werkzaamheden weer nodig zouden kunnen zijn.",insulated-glazing.paint-work.wood-rot-visible,33f27e1d-a6d3-4bec-87dd-211299b6b0bd,09d71256-bc69-410a-969f-1f1b942fd6c7
"Isolerende beglazing","Is verfschade waarneembaar? (barsten / afbladderen / blazen)","Als u niet weet wanner het schilderwerk voor het laatst gedaan is kunt u via deze vraag een inschatting geven over de staat van onderhoud.
Deze informatie wordt gebruikt om u een indicatie over het tijdstip te geven wanneer de werkzaamheden weer nodig zouden kunnen zijn.",insulated-glazing.paint-work.paint-damage-visible,33719c8b-3d5c-44d9-b4f8-d9de2b73b223,8fa27850-7564-4cdb-8aed-edc4f2d894a5
"Isolerende beglazing",Gasbesparing,"De besparing wordt berekend op basis van de door u ingevoerde woningkenmerken (hoeveelheden, isolatiewaarde, gebruikersgedrag). ",insulated-glazing.costs.gas,66fc1d47-62d2-4606-8e15-1b9221792e91,159a6065-8c81-4c38-89b9-5628641bb79a
"Isolerende beglazing","CO2 Besparing","Gerekend wordt met 1,88 kg/m3 gas (bron: Milieucentraal)",insulated-glazing.costs.co2,2c21d6cc-fd6a-4bb9-ab98-b8dea143dd6d,ed560757-7034-47c1-8026-77237e819893
"Isolerende beglazing","Welke kozijnen heeft uw huis?","Geef hier aan wat voor type kozijnen aanwezig is in uw woning. Deze gegevens worden gebruikt om de indicatieve kosten voor schilderwerk uit te rekenen. ",insulated-glazing.paint-work.which-frames,b6433a1f-2cbb-4cc7-9bbc-e4d3adbd9970,a2da0cf5-697f-4762-9c86-c35312a382ba
Vloerisolatie,"U hebt de volgende isolatie ingevuld voor de vloer weet u nu meer? Pas de waarde dan hier aan","Hier ziet u wat u bij “Algemene gegevens” over de aanwezigheid van vloerisolatie heeft aangegeven. Mocht u dit willen veranderen dan kunt u dat in dit veld doen. Let wel: Aanpassingen die u hier doet zullen ook op de pagina “Algemene gegevens” mee veranderen. Als u aangeeft dat er wel gevelisolatie aanwezig is wordt er geen besparing uitgerekend! Wel wordt aangegeven wat de indicatieve kosten zijn voor het uitvoeren van deze maatregel. Hoeveel u kunt besparen hangt namelijk heel erg ervan af hoe dik de isolatielaag is en van welke kwaliteit deze is. Voor het uitrekenen van de daadwerkelijke besparing bij het na- isoleren van een reeds geïsoleerde vloer is aanvullend en gespecialiseerd advies nodig. Neem hiervoor contact op met uw energiecoöperatie.",floor-insulation.floor-insulation,3bcfab37-e526-4c97-acd7-83243130228b,41ffccd1-2fc1-4e58-8405-fc3698f97e7e
Vloerisolatie,Vloerisolatie,"geen helptext",floor-insulation.title,78918979-ce5b-4973-83ff-2a06abe1d57c,efbf48fb-d8ac-479f-ad70-9c0567d24355
Vloerisolatie,Vloerisolatie,"geen helptext",floor-insulation.intro.title,2af39301-090b-4a9f-9d0c-1a5961693c6f,9679e29e-947d-4dab-a9ce-69d29df7a3bb
Vloerisolatie,"Heeft deze woning een kruipruimte","In het woondossier wordt er alleen een berekening gemaakt als de woning een kruipruimte heeft. In andere situaties is speciaal advies nodig. U kunt dan het beste contact opnemen met uw energiecoöperatie. Als u kiest voor “Onbekend” wordt gerekend als of er een kruipruimte aanwezig is.",floor-insulation.has-crawlspace,f7b4459c-68ac-44f6-8a02-afbf5e57a8cd,e467dfd2-a5cb-4928-9778-fd198f6deff7
Vloerisolatie,"Is de kruipruimte toegankelijk? ","Er kan alleen vloerisolatie aangebracht worden indien de kruipruimte toegankelijk is. Als u kiest voor “Onbekend” wordt gerekend alsof de kruipruimte toegankelijk is. ",floor-insulation.crawlspace-access,aed0de1c-c0e5-4605-b73c-043466b414a2,2b60f553-a763-477a-ae23-ba6dad4b32f6
Vloerisolatie,"Hoe hoog is de kruipruimte? ","Op basis van deze informatie wordt de soort isolatie bepaald. Als de kruipruimte heel laag is of als u de hoogte niet weet, wordt gerekend met de waardes voor bodemisolatie. ",floor-insulation.crawlspace-height,7d2ebf87-14d0-41de-8873-7b556972c678,0ef82294-c667-4668-91da-e6ed7e15ba7d
Vloerisolatie,"Vloeroppervlak van de woning","Deze waarde wordt automatisch ingevuld vanuit de gekozen voorbeeldwoning. Het gaat hierbij om de totale oppervlakte van alle vloeren die aan de grond, een kruipruimte of de buitenlucht grenzen. U kunt deze waarde aanpassen.",floor-insulation.surface,b0d5a1d1-f27f-44cd-9093-fc41e5ea5827,0987c972-762d-4524-a9c1-0f5970b7fe58
Vloerisolatie,"Te isoleren oppervlakte","Hier kunt u aangeven hoeveel m2 vloer u wilt isoleren. Standaard is deze waarde gelijk aan het totale vloeroppervlak.",floor-insulation.insulation-surface,ac3618bd-d1e8-4c85-b3ef-069161bf65d5,36dd889b-0b6f-4559-8955-00a2a1630140
Vloerisolatie,"De vloer kan het beste op de volgende manier geïsoleerd worden ","In dit veld wordt er een automatisch advies gegeven hoe de vloer geïsoleerd zou kunnen worden. De uitkomst is afhankelijk van de hoogte van de kruipruimte. ",floor-insulation.insulation-advice.text,fa66a0c2-61de-44b7-b029-56fb9ce41184,09c3810a-7da8-468a-87c2-45f647f1cb53
Vloerisolatie,"Indicatie voor kosten en baten voor deze maatregel ","Hier kunt u zien wat de indicatieve kosten en baten voor deze maatregel zijn. - Als er geen kruipruimte is wordt geen besparing gerekend.",floor-insulation.indication-for-costs,c250f2be-0b0a-408a-ae85-5ec419fb2193,177b8a19-c015-4997-8939-3aa6e0118b27
Vloerisolatie,Gasbesparing,"De besparing wordt berekend op basis van de door u ingevoerde woningkenmerken (hoeveelheden, isolatiewaarde, gebruikersgedrag). Hierbij wordt uitgegaan van een standaard rc-waarde van 3,8 m2K/W voor vloerisolatie (Thermoskussens) en 2,5 m2K/W voor bodemisolatie.",floor-insulation.indication-for-costs.gas-savings,cb543b07-3b22-4c9a-9d51-60cf44a63eb7,5738b31e-145d-4014-b771-1a386de95b7a
Vloerisolatie,"CO2 Besparing","Gerekend wordt met 1,88 kg/m3 gas (bron: Milieucentraal)",floor-insulation.indication-for-costs.co2-savings,e96d3f2e-6b2e-4594-82c1-91fe433a5af8,0e5dcac7-de9d-49dc-9717-412673f195ed
Vloerisolatie,"Besparing in €","Indicatieve besparing in € per jaar. De gebruikte energietarieven voor gas en elektra worden jaarlijks aan de marktomstandigheden aangepast.",floor-insulation.indication-for-costs.savings-in-euro,82afe277-d818-44d3-a67a-9254886b48c2,48688d8d-8a5b-43e0-84e0-b19c32117b0e
Vloerisolatie,"Indicatieve kosten","Hier kunt u zien wat de indicatieve kosten voor deze maatregel zijn.",floor-insulation.indication-for-costs.indicative-costs,6f772db4-7fab-49f6-91ee-b043704ea13e,21142c12-5c63-433b-aa08-7b706844609d
Vloerisolatie,"Vergelijkbare rente","Meer informatie over de vergelijkbare rente kunt u vinden bij Milieucentraal: https://www.milieucentraal.nl/energie-besparen/energiezuinig-huis/financiering-energie-besparen/rendement-energiebesparing/",floor-insulation.indication-for-costs.comparable-rent,440f4762-4c55-4ffa-a8e5-62e682266012,9d88a900-8eec-440a-9215-f6f6a681e3c5
Vloerisolatie,Gasbesparing,"De besparing wordt berekend op basis van de door u ingevoerde woningkenmerken (hoeveelheden, isolatiewaarde, gebruikersgedrag). ",floor-insulation.costs.gas,c5d60622-1274-46bb-87ec-934752bace6a,30f36e23-455d-478f-80bc-e2a7fbbfea01
Vloerisolatie,"CO2 Besparing","Gerekend wordt met 1,88 kg/m3 gas (bron: Milieucentraal)",floor-insulation.costs.co2,3b852466-188b-4121-8872-ffb3c70c3826,a463cb73-f791-4348-8df6-7b2370129243
Vloerisolatie,"Download bijlagen ","Hier kunt u maatregelbladen met algemene informatie over deze maatregel als pdf downloaden.",general.download,af3cc5a5-f4fd-468e-b0e7-7d1bad9f21fd,7eb02248-4cc4-4769-bdb2-1e5dc1900d20
Dakisolatie,"Wat voor daktypes zijn aanwezig in uw woning?","Geef hier aan welke daktypes aanwezig zijn in uw woning. Denk daarbij ook aan een aanbouw of aan dakkapellen. ",roof-insulation.current-situation.roof-types,94e40bd9-112b-4792-81fc-04afdba6ffee,8f02d7bb-8473-4034-9ee9-a48a7f38e5eb
Dakisolatie,"Wat is het hoofddak?","Bedoeld is het dak met de grootste oppervlakte. Het dak van een aanbouw of van een dakkapel telt niet mee.",roof-insulation.current-situation.main-roof,fc5f9b1e-0214-4238-8ea9-e3090aa2152a,5cd035f4-1e9d-4e6f-a118-64c50fda4415
Dakisolatie,"is het platte dak geïsoleerd?","Als u aangeeft dat er wel dakisolatie aanwezig is wordt er geen besparing uitgerekend. Wel wordt aangegeven wat de indicatieve kosten zijn voor het uitvoeren van deze maatregel. ",roof-insulation.current-situation.is-flat-roof-insulated,6ee0b58a-3e01-4bec-b1be-c0be5e4b14c1,75a60bdc-6f0b-45a1-9181-65998803c370
Dakisolatie,"Dakoppervlak van platte dak","Deze waarde wordt automatisch ingevuld vanuit de gekozen voorbeeldwoning. Het gaat hierbij om de totale oppervlakte van alle platte daken. U kunt deze waarde aanpassen.",roof-insulation.current-situation.flat-roof-surface,45157e10-d35d-430d-9788-19340304fbb8,af2e3d6f-9248-42b8-8df1-90ae63c567a5
Dakisolatie,"Te isoleren dakoppervlakte van platte dak","Hier kunt u aangeven hoeveel m2 plat dak u wilt isoleren. Standaard is deze waarde gelijk aan het totale dakoppervlak.",roof-insulation.current-situation.insulation-flat-roof-surface,8a7a68f1-88a0-4b10-8c33-9b6902e37087,7c548f3d-08b8-4981-80c5-040d0ee29829
Dakisolatie,"Wanneer is het zinkwerk voor het laatst vernieuwd?","Het gaat om zinkwerk van platte daken zoals dakranden/opstanden, goten of zijkanten van dakkapellen. Deze informatie wordt gebruikt om u een indicatie over het tijdstip te geven wanneer de werkzaamheden weer nodig zouden kunnen zijn. Als u dit niet weet laat het veld dan leeg.",roof-insulation.current-situation.zinc-replaced,61203f1f-f57b-4664-b981-a4b7025a5d18,6d4a0d2a-4dd1-415c-8305-d5bd9727f2ad
Dakisolatie,"Wanneer is het bitumen dak voor het laatst vernieuwd?","Deze informatie wordt gebruikt om u een indicatie over het tijdstip te geven wanneer de werkzaamheden weer nodig zouden kunnen zijn. ",roof-insulation.current-situation.bitumen-insulated,62a70e46-1405-4029-88d0-07bb6ce90029,8613c9a1-e976-4313-be30-a599a712b542
Dakisolatie,"Hoe wilt u het platte dak isoleren?","Kies hier de manier waarop het dak geïsoleerd moet worden. Dit heeft uitwerking op de hoogte van de besparing en van de indicatieve kosten. Er wordt met de volgende waardes gerekend: Isolatie met vervanging van de dakbedekking: Rc-waarde 4,0 m2K/W, isolatie op de huidige dakbedekking: Rc-waarde 2,0 m2K/W.",roof-insulation.flat-roof.insulate-roof,be0b63a4-5739-402c-989d-b56a4ed05311,837f6f83-d5e7-4a6f-adc9-a1ba41c32058
Dakisolatie,"Welke situatie is van toepassing voor de ruimtes direct onder het platte dak?","Geef hier aan of de kamers waar het dak geïsoleerd moet worden wel of niet verwarmd zijn. ",roof-insulation.flat-roof.situation,bb8a4e94-d0c8-495b-8a8c-fa612387be1b,612be302-7b70-4280-ac69-541eda9484cc
Dakisolatie,"is het hellende dak geïsoleerd?","Als u aangeeft dat er wel dakisolatie aanwezig is wordt er geen besparing uitgerekend. Wel wordt aangegeven wat de indicatieve kosten zijn voor het uitvoeren van deze maatregel. ",roof-insulation.current-situation.is-pitched-roof-insulated,290c81ea-d11a-407b-a4e3-abc2684edecd,fcd2452c-0def-4265-ae1e-d33b44bd1b27
Dakisolatie,"Dakoppervlak hellend dak","Deze waarde wordt automatisch ingevuld vanuit de gekozen voorbeeldwoning. Het gaat hierbij om de totale oppervlakte van alle hellende daken. U kunt deze waarde aanpassen.",roof-insulation.current-situation.pitched-roof-surface,a3efa36e-217a-4f43-bace-b506a196cee7,acfd2a5b-3bb8-440a-a344-ff1e139ed9cd
Dakisolatie,"Te isoleren dakoppervlakte van hellend dak","Hier kunt u aangeven hoeveel m2 hellend dak u wilt isoleren. Standaard is deze waarde gelijk aan het totale dakoppervlak.",roof-insulation.current-situation.insulation-pitched-roof-surface,3f66be99-d965-4418-b088-80d859848275,766edf72-95ba-4d29-a614-d9b6fb3f51bb
Dakisolatie,"Wanneer is het zinkwerk voor het laatst vernieuwd?","Het gaat om zinkwerk van hellende daken zoals dakranden/opstanden, goten of zijkanten van dakkapellen. Deze informatie wordt gebruikt om u een indicatie over het tijdstip te geven wanneer de werkzaamheden weer nodig zouden kunnen zijn. Als u dit niet weet laat het veld dan leeg.",roof-insulation.current-situation.zinc-replaced,8ca76535-f8fc-49ad-a8b3-dbfc9534c735,7ada64db-d74e-4a1b-ba96-78c15fe4104f
Dakisolatie,"Hoe wilt u het hellende dak isoleren?","Kies hier de manier waarop het dak geïsoleerd moet worden. Dit heeft uitwerking op de hoogte van de besparing en van de indicatieve kosten. Er wordt met de volgende waardes gerekend: Isolatie van binnen uit: Rc-waarde 2,5 m2K/W, isolatie met vervanging van de dakpannen: Rc-waarde 4,0 m2K/W.",roof-insulation.pitched-roof.insulate-roof,e068800d-dec6-4c60-b84b-298a3575502c,d07e4875-4561-43dd-88a1-f4671674e5a4
Dakisolatie,"Plat dak","Geen helptext",roof-insulation.flat-roof.situation-title,2ec3503f-544e-4a6a-b569-001eff17f5cf,92a6d57e-e348-403b-aefb-9817e38bfc3f
Dakisolatie,"Hellend dak","Geen helptext",roof-insulation.pitched-roof.situation-title,ccf8c5e8-e622-4c44-965f-ae17da51154c,ec069fdd-4d39-4039-8267-b8bf56933542
Dakisolatie,"Welke situatie is van toepassing voor de ruimtes direct onder het hellende dak?","Geef hier aan of de kamers waar het dak geïsoleerd moet worden wel of niet verwarmd zijn. ",roof-insulation.pitched-roof.situation,67f5fb0f-0153-415b-bf42-7e8293738501,10cafa16-5269-40aa-ab1f-a333df64c4ad
Dakisolatie,"Toelichting op de specifieke situatie","Hier kunt u opmerkingen over uw specifieke situatie vastleggen, bijvoorbeeld voor een gesprek met een energiecoach of een uitvoerend bedrijf. ",general.specific-situation,b139e1ab-0b3b-4d4a-91c5-cda2aa48ff21,4e7fab38-aacf-4f11-a3ea-d1d8fa8fd0c0
Dakisolatie,Dakisolatie,"Geen helptext",roof-insulation.title,4bf4578a-d53a-4f45-a179-98c7e6010a44,28c08d41-1ade-4f84-a875-4941854ab82b
Dakisolatie,Niet,"Geen helptext",roof-insulation.measure-application.no,36c3d55b-be4d-40a4-8196-30d12206ab8e,d92d2ae1-b256-4e72-a7c4-0df828385f72
Dakisolatie,"Kosten en baten voor isoleren van het platte dak","Hier kunt u zien wat de indicatieve kosten en baten voor deze maatregel zijn. Als er geen waarde wordt aangegeven: - Als er bij “dakisolatie aanwezig” iets anders dan “Onbekend” of “Geen isolatie” is ingevuld wordt geen besparing berekend.",roof-insulation.flat.costs.title,e6cf9887-42af-4056-a5bc-ec910c59bbac,3679d8de-4008-4c60-bf99-ab81576055b5
Dakisolatie,Gasbesparing,"De besparing wordt berekend op basis van de door u ingevoerde woningkenmerken (hoeveelheden, isolatiewaarde, gebruikersgedrag). ",general.costs.gas,5b533cd6-bd2d-4282-a05e-b60cc5869157,cc181c8d-2a51-494c-bcd4-56c8be1040f2
Dakisolatie,"CO2 Besparing","Gerekend wordt met 1,88 kg/m3 gas (bron: Milieucentraal)",general.costs.co2,505b1843-27ec-4c93-8866-6048f0ad160f,03f4bacf-13fb-4413-9ae1-51c3b93a4ce6
Dakisolatie,"Besparing in €","Indicatieve besparing in € per jaar. De gebruikte energietarieven voor gas en elektra worden jaarlijks aan de marktomstandigheden aangepast.",general.costs.savings-in-euro,e7f63932-a05a-40d2-840d-9ae0e43e8f64,73c3cd21-8259-41b4-95a6-08d838c0345d
Dakisolatie,"Indicatieve kosten","Hier kunt u zien wat de indicatieve kosten voor deze maatregel zijn.",general.costs.indicative-costs,984baff0-1949-4493-892e-07ef9dd7d45b,9d3a9235-bfad-470e-a3d2-fd8c57947eef
Dakisolatie,"In welke staat verkeren de dakpannen?","Deze informatie wordt gebruikt om u een indicatie over het tijdstip te geven wanneer de werkzaamheden weer nodig zouden kunnen zijn. ",roof-insulation.current-situation.in-which-condition-tiles,337a41e2-1c64-42d6-a724-5a3bbcbaabe5,5f5a5a28-5807-41fb-bfb4-655c7f5b762c
Dakisolatie,"Vergelijkbare rente","Meer informatie over de vergelijkbare rente kunt u vinden bij Milieucentraal: https://www.milieucentraal.nl/energie-besparen/energiezuinig-huis/financiering-energie-besparen/rendement-energiebesparing/",general.costs.comparable-rent,e9516882-63c7-4cb3-a900-43fdb188fdd7,26f74314-d97b-46e0-b4a3-00a4e5d37546
Dakisolatie,"Indicatieve kosten aanbrengen isolatie","Nog geen hulptext",general.costs.indicative-costs-insulation,38d06a3c-cb0a-4be5-86f5-8ef13a3918f4,ba6f5f13-a481-4bda-a0c2-12eb20daaa0d
Dakisolatie,"Indicatieve kosten vervanging dakbedekking","Hier kunt u zien wat de indicatieve kosten zijn voor het vervangen van de dakbedekking. Als u hebt gekozen voor isolatie met vervanging van de dakbedekking moet u de kosten voor isolatie hier bij optellen voor de totale kosten van deze maatregel. ",roof-insulation.flat.indicative-costs-replacement,044da182-5748-42a3-9536-c004f75ca45c,0e198d7b-bc34-433c-a21e-238dd03bd155
Dakisolatie,"Indicatie vervangingsmoment dakbedekking","Op basis van het laatste vervangingsmoment wordt hier berekend wanneer de dakbedekking weer aan vervanging toe is. Meestal is het aan te raden om isolatie onder de dakbedekking rond dat datum uit te voeren.",roof-insulation.flat.indicative-replacement.year,6329f0ca-e694-4a8e-b788-fd21c0034324,50961d89-c002-43b8-aba9-66f95c482a93
Dakisolatie,"Indicatie voor kosten en baten voor isoleren van het hellene dak","Hier kunt u zien wat de indicatieve kosten en baten voor deze maatregel zijn. Als er geen waarde wordt aangegeven: - Als er bij “dakisolatie aanwezig” iets anders dan “Onbekend” of “Geen isolatie” is ingevuld wordt geen besparing berekend.",roof-insulation.pitched.costs.title,112eb0c2-848a-4cde-8efa-069750b2a09a,96a128ff-3061-42dc-892b-d07a9cdcfb8e
Dakisolatie,"Indicatieve kosten vervanging dakpannen","Hier kunt u zien wat de indicatieve kosten zijn voor het vervangen van de dakpannen. Als u hebt gekozen voor isolatie met vervanging van de dakpannen dan moet u de kosten voor isolatie hier bij optellen voor de totale kosten van deze maatregel. De kosten worden geïndexeerd op het geplande uitvoeringsjaar.",roof-insulation.pitched.indicative-costs-replacement,d3ade55e-d8f8-435b-9880-475666437feb,d98b4101-e620-4b13-a4a9-5406a3757f63
Dakisolatie,Gasbesparing,"De besparing wordt berekend op basis van de door u ingevoerde woningkenmerken (hoeveelheden, isolatiewaarde, gebruikersgedrag). ",roof-insulation.pitched.costs.gas,d61fbfda-1afd-402a-9857-a03ce64a4f82,4eeac01a-f46f-4563-9f28-f240f04ef3e2
Dakisolatie,"CO2 Besparing","Gerekend wordt met 1,88 kg/m3 gas (bron: Milieucentraal)",roof-insulation.pitched.costs.co2,9602c864-c152-4d7e-82a7-25f70d5b2409,06e3dee0-5770-4d1c-b290-ea1b41916150
Dakisolatie,Gasbesparing,"De besparing wordt berekend op basis van de door u ingevoerde woningkenmerken (hoeveelheden, isolatiewaarde, gebruikersgedrag). ",roof-insulation.flat.costs.gas,57a51f70-4886-46cf-b17f-de9f311a4e69,80ffd312-4ffd-4379-93c0-eb3607e2bbfc
Dakisolatie,"CO2 Besparing","Gerekend wordt met 1,88 kg/m3 gas (bron: Milieucentraal)",roof-insulation.flat.costs.co2,3824a1e1-d34f-4eda-9c28-b639d4708fa3,ac51c60f-3464-4353-a091-9e58313f0815
Dakisolatie,"Indicatie vervangingsmoment dakpannen","Op basis van het huidige staat van de dakpannen wordt hier berekend wanneer de dakpannen weer aan vervanging toe zijn. Meestal is het aan te raden om isolatie van buiten af rond die datum uit te voeren.",roof-insulation.pitched.indicative-replacement.year,bb40f22e-26cc-40b3-ba80-503cbe7e487d,d52d87cb-b756-47c3-8ed5-20a20682db5a
"HR CV Ketel","Huidig gasverbruik ","Hier wordt nog een keer herhaald wat u bij “Algemene gegevens” over uw gasverbruik hebt aangegeven. Mocht u dit willen veranderen dan kunt u dat in dit veld doen. Let wel: Aanpassingen die u hier doet zullen ook op de pagina “Algemene gegevens” mee veranderen. ",boiler.current-gas-usage,b24f870d-90d1-4f21-be3f-3abfb6e73099,a2aa11d3-9004-4fe3-ae6c-a9e3130bf75b
"HR CV Ketel","HR CV Ketel","Geen hulptext",boiler.title,4353722c-9199-402a-a054-c49745446fe8,4a625388-79f0-48b5-8cf4-01b38665e35e
"HR CV Ketel","Huidig aantal bewoners ","Hier wordt nog een keer herhaald wat u bij “Algemene gegevens” over het aantal bewoners hebt aangegeven. Mocht u dit willen veranderen dan kunt u dat in dit veld doen. Let wel: Aanpassingen die u hier doet zullen ook op de pagina “Algemene gegevens” mee veranderen. ",boiler.resident-count,c18d544e-cebd-4ee5-a6a6-5fb0d9035aef,2cb4223c-a390-4936-b3a0-827690cecf0d
"HR CV Ketel","Wat is het type van de huidige CV ketel ","Hier wordt nog een keer herhaald wat u bij “Algemene gegevens” over type cv-ketel hebt aangegeven. Mocht u dit willen veranderen dan kunt u dat in dit veld doen. Let wel: Aanpassingen die u hier doet zullen ook op de pagina “Algemene gegevens” mee veranderen. ",boiler.boiler-type,c3cbabfb-b076-4b3c-9bb1-61a0fb2a3dc6,ac056ace-683b-4d36-b95e-d7925bdaacf5
"HR CV Ketel",Gasbesparing,"De besparing wordt berekend op basis van de door u ingevoerde woningkenmerken (hoeveelheden, isolatiewaarde, gebruikersgedrag). ",boiler.costs.gas,6bc3d19b-3b39-41d6-9495-a0c946ca4da3,72fb2bda-c86a-4011-9fce-ca599f425548
"HR CV Ketel","CO2 Besparing","Gerekend wordt met 1,88 kg/m3 gas (bron: Milieucentraal)",boiler.costs.co2,09874026-140d-49f0-b5b0-842ff0ea4972,63b155d5-e296-45b1-aef0-296dff98e680
"HR CV Ketel","Wanneer is de huidige CV ketel geplaatst? ","Deze informatie wordt gebruikt om u een indicatie over het tijdstip te geven wanneer onderhoud nodig zou kunnen zijn. ",boiler.boiler-placed-date,402d8401-9467-4c20-9111-a136563de445,7d89ff78-1436-4dc3-a5dc-7cfdae379a72
General,graden,"Geen helptext",general.unit.degrees,92442724-9f6d-4e87-b9a0-83514944162c,f5c04516-3253-47bf-8943-17d5167845d4
General,m²,"Geen helptext",general.unit.square-meters,5385186a-243f-4a8b-8dce-3003007e3ad4,8dde4d5e-989f-4b69-b04a-885924c3325f
General,m3,"Geen helptext",general.unit.cubic-meters,5320e94b-0e08-471b-ad29-5774e73edd28,39a7d2ac-249e-4bc3-ac7e-875abc2298da
General,day,"Geen helptext",general.unit.day,ae45a36c-7509-4b15-8b41-8b8a567f26eb,7a407c2f-f57f-4626-b7f3-e0501d5191e0
General,liter,"Geen helptext",general.unit.liter,8975ccb1-0543-4050-92a7-cfbd0bb3bb78,cfabc4de-53a2-43f3-86a8-ef41060c618f
General,pieces,"Geen helptext",general.unit.pieces,c86cd9d4-7536-42e7-8f45-48b714374c9d,d8486b47-4003-40c5-aa06-9c05d2b06936
General,kg,"Geen helptext",general.unit.kg,7861ce73-3bc4-4d26-a8ea-7d31ea543c82,1a6af964-e1e0-4538-abc1-0065b0b5b97a
"HR CV Ketel","Indicatie voor kosten en baten voor deze maatregel ","Hier kunt u zien wat de indicatieve kosten en baten voor deze maatregel zijn. Als er geen waarde wordt aangegeven:  wordt er geen besparing berekend. Het gaat dan alleen om een onderhoudsmaatregel. Er wordt geen energiebesparing gerealiseerd.",boiler.indication-for-costs,0b2d3a3a-fc2d-4a5d-8ef3-ca550d5b2bc8,0b7db881-c775-48ba-bd9f-2457a2ae919c
"HR CV Ketel","Indicatieve kosten","Hier kunt u zien wat de indicatieve kosten voor deze maatregel zijn.",boiler.indication-for-costs.indicative-costs-insulation,a2e6431d-9c7b-4e51-962a-35218ea50d98,e3305b8e-3710-4a51-9542-759a7ed22993
"HR CV Ketel","Indicatie vervangingsmoment cv ketel","Op basis van het laatste vervangingsmoment wordt hier berekend wanneer de cv ketel weer aan vervanging toe is.",boiler.indication-for-costs.indicative-replacement,84bbacda-5a1a-4e27-830f-5dbd1fd6e629,d0e4ba6e-613b-43c4-8d49-38760da0a7c3
"HR CV Ketel","Vergelijkbare rente","Meer informatie over de vergelijkbare rente kunt u vinden bij Milieucentraal: https://www.milieucentraal.nl/energie-besparen/energiezuinig-huis/financiering-energie-besparen/rendement-energiebesparing/",boiler.indication-for-costs.comparable-rate,6d412bcd-9ef1-435e-8301-faf6d08ac06f,8967a1cd-cb87-4c06-a98b-c7a3284f2485
Zonnepanelen,Zonnepanelen,"geen helptext",solar-panels.title,6e5195bf-9070-4e96-996c-cc6b1ec7b305,721831ae-8e3d-4bcc-b256-fcefd86406ca
Zonnepanelen,"Wat is het elektragebruik van het afgelopen jaar? (in kWh per jaar) ","Hier wordt nog een keer herhaald wat u bij “Algemene gegevens” over uw elektraverbruik hebt aangegeven. Mocht u dit willen veranderen dan kunt u dat in dit veld doen. Let wel: Aanpassingen die u hier doet zullen ook op de pagina “Algemene gegevens” mee veranderen. ",solar-panels.electra-usage,b09c8131-62db-47cf-824e-43a19d6ef399,1d9dd763-7d65-4142-a868-6a5a28fde301
Zonnepanelen,"Piekvermogen per paneel ","Wattpiek(Wp) is een meeteenheid dat gehanteerd wordt om het vermogen van zonnepanelen aan te geven. Hierbij is gemeten onder internationaal vastgestelde standaarden: • Sterkte van het licht  1000W/m2 • Richting van het invallende licht • Zonnespectrum (luchtmassa) • Temperatuur: 25°C Deze Wattpiek-waarde wordt gehanteerd om zonnepanelen met elkaar te vergelijken.",solar-panels.peak-power,f4e9ea54-046d-409c-b386-e83a9fc2e5a9,24426c31-77e7-40ab-8624-aeedd62c1507
Zonnepanelen,"Hoeveel zonnepanelen moeten er komen? ","Geef hier aan hoe veel zonnepanelen u nieuw wilt laten plaatsen, bestaande panelen hier niet meetellen. Hier boven wordt aangegeven hoe veel panelen u nodig zou hebben om uw huidig elektraverbruik met zonne-energie op te wekken.",solar-panels.number,f7bf37aa-a563-4dd1-9646-dda5eb06cd3b,cec473b0-9038-49d7-8430-fe992f5b9c41
Zonnepanelen,"Wat is de oriëntatie van de panelen? ","Geef hier aan in welke oriëntatie de nieuwe panelen geplaatst worden. ",solar-panels.pv-panel-orientation-id,67ae1932-a114-4036-a210-228abedb9288,308b2f6a-d391-4487-8317-97c824dd830a
Zonnepanelen,"Wat is de hellingshoek van de panelen? ","Geef hier aan onder welke hellingshoek de panelen geplaatst worden. Op een hellend dak is de hellingshoek van de panelen meestal gelijk aan de dakhelling. Als de panelen in oost-west oriëntatie op een plat dak geplaatst worden kies dan bij voorkeur voor 10 graden helling. Panelen op een plat dak in zuidoriëntatie hebben bij voorkeur een hellingshoek van 20 -30 graden.",solar-panels.angle,50f7e45a-ebfc-430a-83df-4d106ca9e097,24e8b48a-1432-4168-89ef-2a400df73735
Zonnepanelen,"Opbrengst elektra","Hier kunt u zien hoeveel kWh de nieuwe panelen op kunnen wekken. Bij de berekening van de opbrengsten worden de volgende variabelen gebruikt: - Zoninstraling per postcode 2 gebied Specifieke omstandigheden zoals schaduw of speciale types panelen worden niet meegenomen.",solar-panels.indication-for-costs.yield-electricity,f2fd88e9-3b67-4d1b-a27e-6fcee81d0e40,c7ce286b-22c9-405a-acb1-6c71321883ae
Zonnepanelen,"Opwekking t.o.v. eigen verbruik","Hier kunt u zien hoeveel % van uw huidig elektriciteitsverbruik u met dit aantal panelen op kunt wekken.",solar-panels.indication-for-costs.raise-own-consumption,bb27344e-43e2-4a19-a891-64ea84219469,d0f6e078-0f16-494d-bc9c-c558ff882661
Zonnepanelen,"Indicatieve kosten","Hier kunt u zien wat de indicatieve kosten voor deze maatregel zijn.",solar-panels.indication-for-costs.title,caae23af-5cd5-461f-ae85-52107168a154,75c2a566-3401-45d8-b045-af98417d29cf
Zonnepanelen,"Vergelijkbare rente","Meer informatie over de vergelijkbare rente kunt u vinden bij Milieucentraal: https://www.milieucentraal.nl/energie-besparen/energiezuinig-huis/financiering-energie-besparen/rendement-energiebesparing/",solar-panels.indication-for-costs.comparable-rate,03df7dda-bc04-47b2-8884-3aa881a32ccb,36e070eb-91cd-4d8c-8ef5-008edd7e3884
Zonnepanelen,Gasbesparing,"De besparing wordt berekend op basis van de door u ingevoerde woningkenmerken (hoeveelheden, isolatiewaarde, gebruikersgedrag). ",solar-panels.costs.gas,1c1d0c57-a77a-4e07-8dc1-140ab175356b,fd1f6745-9e94-44a9-bb59-290690fe6bc3
Zonnepanelen,"CO2 Besparing","Gerekend wordt met 1,88 kg/m3 gas (bron: Milieucentraal)",solar-panels.costs.co2,3b429f18-72dd-4849-93c9-5c8e23d0cd72,c1a7e87d-74c3-4d85-ac2c-3c1190527e95
Zonneboiler,"Comfortniveau voor het gebruik van warm tapwater","Hier wordt nog een keer herhaald wat u bij “Algemene gegevens” over uw warmtapwaterverbruik hebt aangegeven. Mocht u dit willen veranderen dan kunt u dat in dit veld doen. Let wel: Aanpassingen die u hier doet zullen ook op de pagina “Algemene gegevens” mee veranderen. ",heater.comfort-level-warm-tap-water,a09f0273-ebf0-459f-87e9-1744295222ac,f1c25821-c191-4b1e-915f-92d5033dfc1e
Zonneboiler,"Oriëntatie van de collector","Geef hier aan in welke oriëntatie de zonnecollector geplaatst wordt. ",heater.pv-panel-orientation-id,5db0611a-7ff7-46b6-8205-7690357ac817,436f71cb-fefb-459f-b0cd-ad05d62718a6
Zonneboiler,"Hellingshoek van de collector","Geef hier aan onder welke hellingshoek de zonnecollector geplaatst wordt. Op een hellend dak is de hellingshoek van de collector meestal gelijk aan de dakhelling.",heater.angle,314b0b21-d7b2-456f-80ef-926eeb6b9b3b,0d7bd296-3370-4c73-b9f0-e59d15dae343
Zonneboiler,"Gebruik warm tapwater","Het gebruik voor warm tapwater is afhankelijk van het aantal gebruikers en het comfortniveau.",heater.consumption-water,c920b95f-f197-401d-b768-dbd207736dd9,317d5606-b386-47e6-b113-41ec0d25e2cc
Zonneboiler,"Bijhorend gasverbruik","Hier wordt een inschatting gegeven van het jaalijkse gasverbruik voor warm tapwater.",heater.consumption-gas,b942707f-b578-4f71-b522-1f92dbb0109f,74184143-1e2d-4f49-8511-95399f1d6fba
Zonneboiler,"Grootte zonneboiler","Op basis van de verbruikscijfers wordt hier een inschatting gegeven hoe groot het buffervat zou moeten zijn.",heater.size-boiler,bc80f2a3-5384-41ba-986d-1478f12a5dd8,15ac510c-d158-4ec5-a53c-db6c25e02bf8
Zonneboiler,"Grootte collector","Op basis van de verbruikscijfers wordt hier een inschatting gegeven hoe groot de collector zou moeten zijn.",heater.size-collector,5179c23f-79c1-428f-bacc-45abdaf5769e,448a0cfe-ab1d-424d-8ae4-4b2e74075277
Zonneboiler,"Indicatie voor kosten en baten voor deze maatregel","Kosten baten voor de maatregel",heater.indication-for-costs.title,1b8dcfea-2dc8-467f-a3e7-6e28bc8dcac3,db49c948-6bbb-44ae-a20b-87f84df476a1
Zonneboiler,"Warmteproductie per jaar","Hier kunt u zien hoeveel warmte de zonneboiler per jaar op kan wekken.",heater.indication-for-costs.production-heat,faaf0d5e-8d90-4ef1-a3ba-350d7c4a70c6,154725a9-e078-43d1-824f-eca3d97a26f9
Zonneboiler,"Specificaties systeem","Geen helptext",heater.system-specs,335fd45d-0e57-4898-b6f2-6e30761d6979,40bd58e9-dd4e-4d4c-826d-443639fdb258
Zonneboiler,Zonneboiler,"Geen helptext",heater.title,2fee54e4-68c5-44f6-965f-fb12c243d7df,bbfcec90-c1e5-4813-952f-217719a074cd
Zonneboiler,Gasbesparing,"De besparing wordt berekend op basis van de door u ingevoerde woningkenmerken (hoeveelheden, isolatiewaarde, gebruikersgedrag). ",heater.costs.gas,01df3e45-31f5-4447-8660-6ada7bd1a463,ddbb555f-272a-4eaa-8be1-32bf772fe7df
Zonneboiler,"CO2 Besparing","Gerekend wordt met 1,88 kg/m3 gas (bron: Milieucentraal)",heater.costs.co2,72b95a87-1996-43ae-b982-7826bbce8a53,039590d4-9302-4b1e-a0dd-f55d8e7f1f1f
Zonneboiler,"Aandeel van de zonneboiler aan het totaalverbruik voor warm water","Hier kunt u zien hoeveel % van uw huidig energie voor warm tapwater u met dit zonneboiler systeem kunt opwekken.",heater.indication-for-costs.percentage-consumption,b8dfdd83-b1eb-4a7e-8c2f-139fd0c58eca,c89df207-a0b2-4b87-a1f0-849f85ff769f
General,jaar,"Geen helptext",general.unit.year,49362ad6-bdef-48e5-a097-dba09d841b5c,2024aba4-36f7-4b0e-be47-87f31845c06f
Zonneboiler,"Geschat huidig gebruik",",geen helptext""",heater.estimated-usage.title,be30832a-1b70-49e3-b3e5-d04b3f194a64,5e4ff5b2-637f-4671-83ff-067aa43acf91
Zonneboiler,"Specificaties systeem","geen helptext",uuid.heater.system-specs.title,cb829a80-b0bc-432a-949b-70c64af5ab4e,a39c44e7-880b-43a8-b2ad-87ca8d7af1d6
General,Ja,"geen helptext",general.options.radio.yes,9793acc9-d1b4-41d1-9afb-5c4da7e5af64,ed6b3cc8-9d23-482f-bd32-c53e63e86efd
General,Nee,"geen helptext",general.options.radio.no,fa88bcd9-9558-4a59-9e49-650bf15a1345,e8157f50-c41b-4687-8a61-4fc352a778fa
General,Onbekend,"geen helptext",general.options.radio.unknown,caa43cbe-9fde-45ba-a3c8-a26058252acd,746c2607-180d-40e6-9ab5-1ae61881c442
General,"Niet van toepassing","geen helptext",general.options.radio.not-important,df9f2cc5-5615-477c-805d-418432c6cd61,b170ecdf-0050-44a6-98f4-dd98f7a48013
General,"Indicatie voor kosten en baten voor deze maatregel","Geen helptext",general.costs.cost-and-benefits,d2c110cf-d7c3-43c6-a9ca-f1430c2fc5c3,5a507b1f-e992-4b5e-84e9-ab4984cb0f23
